rating,count,percentage
1.0,2415650,11.50618930719132
2.0,1139589,5.428073920639517
3.0,1529818,7.286807076169483
4.0,3306379,15.7488968581218
5.0,12602917,60.030032837877876
